ID,DrainageArea,Volume,Slope,HydroSoil,OpenClosed
2,0.1719914,197.8,26.18,A,Closed
3,0.02452395,146.1,29.29,A/D,Closed
10,0.008215119,82.4,20.4,A,Closed
13,0.02869221,490.7,14.85,A,Closed
30,0.08935459,52.6,3.51,B,Open
31,0.11626619,4.6,2.17,B,Open
